museum,sample,family,genus,species,dissection_date,conopid_id,conopid,W,M,apicystis,crithidia,nosema,tot,site2,distance_km,collection_date,Round,plantgen,plantsp,collmeth,idnotes,dissection_notes
ESI,2023-284,Apidae,Bombus,impatiens,6/26/24,C284,1,1,0,0,0,0,1,2km-004,2.00,8/13/23,2,Monarda,fistulosa,Parasite Analyses,,"large conopid, reduced organs"
ESI,2023-280,Apidae,Bombus,griseocollis,6/26/24,"C280A, C280B",1,1,0,0,0,0,1,2km-004,2.00,8/13/23,2,Monarda,fistulosa,Parasite Analyses,,2 same size medium/large conopid
ESI,2023-274,Apidae,Bombus,vagans,6/25/24,C274,1,0,1,0,0,0,1,2km-003,2.00,8/12/23,2,Agastache,foeniculum,Parasite Analyses,,small conopid (?)
ESI,2023-265,Apidae,Bombus,griseocollis,6/26/24,C265,1,1,0,0,0,0,1,2km-003,2.00,8/12/23,2,Agastache,foeniculum,Parasite Analyses,,small conopid
ESI,2023-261,Apidae,Bombus,rufocinctus,6/26/24,C261,1,0,1,0,0,0,1,2km-002,2.00,8/13/23,2,Eutrochium,maculatum,Parasite Analyses,,medium conopid
ESI,2023-258,Apidae,Bombus,impatiens,6/26/24,C258,1,1,0,0,0,0,1,2km-002,2.00,8/13/23,2,Silphium,integrifolium,Parasite Analyses,,large conopid
ESI,2023-257,Apidae,Bombus,impatiens,6/26/24,C257,1,1,0,0,0,0,1,2km-002,2.00,8/13/23,2,Silphium,integrifolium,Parasite Analyses,,small conopid
ESI,2023-252,Apidae,Bombus,griseocollis,6/26/24,C252,1,1,0,0,0,0,1,2km-002,2.00,8/13/23,2,Eutrochium,maculatum,Parasite Analyses,,large conopid
ESI,2023-230,Apidae,Bombus,griseocollis,6/11/24,C230,1,1,0,0,0,0,1,1km-004,1.00,8/13/23,2,Monarda,fistulosa,Parasite Analyses,,medium conopid
ESI,2023-229,Apidae,Bombus,griseocollis,6/11/24,C229,1,1,0,0,0,0,1,1km-004,1.00,8/13/23,2,Monarda,fistulosa,Parasite Analyses,,possible conopid? seperated it just in case
ESI,2023-219,Apidae,Bombus,impatiens,6/25/24,C219,1,1,0,0,0,0,1,1km-003,1.00,8/12/23,2,Monarda,fistulosa,Parasite Analyses,,
ESI,2023-204,Apidae,Bombus,griseocollis,6/24/24,C204,1,0,1,0,0,0,1,1km-002,1.00,8/12/23,2,Silphium,perfoliatum,Parasite Analyses,,Large Conopid
ESI,2023-180,Apidae,Bombus,impatiens,6/5/24,C180,1,1,0,0,0,0,1,0.5km-004,0.50,8/13/23,2,Monarda,fistulosa,Parasite Analyses,,"yellowed and inflated hindgut, medium conopid"
ESI,2023-178,Apidae,Bombus,impatiens,6/5/24,C178,1,1,0,0,0,0,1,0.5km-004,0.50,8/13/23,2,Monarda,fistulosa,Parasite Analyses,,medium-large conopid
ESI,2023-175,Apidae,Bombus,griseocollis,6/5/24,C175,1,0,1,0,0,0,1,0.5km-004,0.50,8/13/23,2,Monarda,fistulosa,Parasite Analyses,,"massive late stage conopid, gut reduced and flattened"
ESI,2023-172,Apidae,Bombus,griseocollis,6/5/24,C172,1,1,0,0,0,0,1,0.5km-004,0.50,8/13/23,2,Monarda,fistulosa,Parasite Analyses,,medium conopid
ESI,2023-159,Apidae,Bombus,impatiens,6/3/24,C159,1,1,0,0,0,0,1,0.5km-003,0.50,8/13/23,2,Monarda,fistulosa,Parasite Analyses,,large parasitic conopid larvae seen
ESI,2023-106,Apidae,Bombus,impatiens,7/2/24,C106,1,1,0,0,0,0,1,2km-003,2.00,7/24/23,1,Monarda,fistulosa,Parasite Analyses,,Huge conopid
ESI,2023-104,Apidae,Bombus,impatiens,7/2/24,C104,1,1,0,0,0,0,1,2km-003,2.00,7/24/23,1,Monarda,fistulosa,Parasite Analyses,,large conopid
ESI,2023-099,Apidae,Bombus,impatiens,7/2/24,C099,1,1,0,0,0,0,1,2km-002,2.00,7/23/23,1,Pycnanthemum,tenuifolium,Parasite Analyses,,"medum conopid, dark in color"
ESI,2023-098,Apidae,Bombus,impatiens,7/2/24,C098,1,1,0,0,0,0,1,2km-002,2.00,7/23/23,1,Pycnanthemum,tenuifolium,Parasite Analyses,,medium conopid
ESI,2023-097,Apidae,Bombus,griseocollis,7/2/24,C097,1,0,1,0,0,0,1,2km-002,2.00,7/23/23,1,Pycnanthemum,tenuifolium,Parasite Analyses,,"Very huge conopid, conopid is black in color"
ESI,2023-076,Apidae,Bombus,fervidus,7/2/24,C076,1,1,0,0,0,0,1,1km-004,1.00,7/23/23,1,Veronicastrum,virginicum,Parasite Analyses,,small pale conopid
ESI,2023-067,Apidae,Bombus,rufocinctus,7/3/24,C067,1,1,0,0,0,0,1,1km-002,1.00,7/24/23,1,Veronicastrum,virginicum,Parasite Analyses,,medium conopid
ESI,2023-065,Apidae,Bombus,impatiens,7/3/24,C065,1,1,0,0,0,0,1,1km-002,1.00,7/24/23,1,Monarda,fistulosa,Parasite Analyses,,small conopid
ESI,2023-037,Apidae,Bombus,auricomus,6/27/24,C037,1,1,0,0,0,0,1,0.5km-004,0.50,7/23/23,1,Monarda,fistulosa,Parasite Analyses,,large conopid
ESI,2023-018,Apidae,Bombus,auricomus,6/27/24,C018,1,1,0,0,0,0,1,0.5km-002,0.50,7/23/23,1,Monarda,fistulosa,Parasite Analyses,,medium conopid
ESI,2023-006,Apidae,Bombus,impatiens,6/27/24,C006,1,1,0,0,0,0,1,0.5km-001,0.50,7/24/23,1,Veronicastrum,virginicum,Parasite Analyses,,medium conopid
ESI,2023-005,Apidae,Bombus,impatiens,6/27/24,C005,1,1,0,0,0,0,1,0.5km-001,0.50,7/24/23,1,Veronicastrum,virginicum,Parasite Analyses,,small cnpd
ESI,2023-133,Apidae,Apis,mellifera,6/10/24,0,0,1,0,0,0,1,1,0.5km-002,0.50,8/12/23,2,Silphium,integrifolium,Parasite Analyses,,
ESI,2023-094,Apidae,Apis,mellifera,7/2/24,0,0,1,0,0,0,1,1,2km-002,2.00,7/23/23,1,Pycnanthemum,tenuifolium,Parasite Analyses,,
ESI,2023-122,Apidae,Bombus,auricomus,6/6/24,0,0,0,1,0,0,1,1,0.5km-001,0.50,8/12/23,2,Liatris,pycnostachya,Parasite Analyses,,small collections of pale dots on upper ventral abdomen
ESI,2023-019,Apidae,Bombus,auricomus,6/27/24,0,0,1,0,0,0,1,1,0.5km-002,0.50,7/23/23,1,Monarda,fistulosa,Parasite Analyses,,"huge bee, lots of fat body and guts"
ESI,2023-215,Apidae,Bombus,auricomus,6/25/24,0,0,0,1,0,0,1,1,1km-003,1.00,8/12/23,2,Parthenium,integrifolium,Parasite Analyses,,
ESI,2023-227,Apidae,Bombus,auricomus,6/11/24,0,0,0,1,0,0,1,1,1km-004,1.00,8/13/23,2,Monarda,fistulosa,Parasite Analyses,,
ESI,2023-110,Apidae,Bombus,auricomus,7/2/24,0,0,0,1,0,0,1,1,2km-004,2.00,7/25/23,1,Arnoglossum,sp.,Parasite Analyses,,
ESI,2023-111,Apidae,Bombus,auricomus,7/2/24,0,0,0,1,0,0,1,1,2km-004,2.00,7/25/23,1,Arnoglossum,sp.,Parasite Analyses,,
ESI,2023-092A,Apidae,Bombus,bimaculatus,7/1/24,0,0,1,0,0,0,1,1,2km-001,2.00,7/24/23,1,Monarda,fistulosa,Parasite Analyses,,
ESI,2023-169,Apidae,Bombus,citrinus,6/5/24,0,0,0,1,0,0,1,1,0.5km-004,0.50,8/13/23,2,Monarda,fistulosa,Parasite Analyses,,
ESI,2023-186,Apidae,Bombus,fervidus,6/10/24,0,0,1,0,0,0,1,1,1km-001,1.00,8/13/23,2,Monarda,fistulosa,Parasite Analyses,,a LOT of fat stores
ESI,2023-088,Apidae,Bombus,fervidus,7/2/24,0,0,1,0,0,0,1,1,2km-001,2.00,7/24/23,1,Monarda,fistulosa,Parasite Analyses,,lots of fat body
ESI,2023-144,Apidae,Bombus,griseocollis,6/10/24,0,0,0,1,0,0,1,1,0.5km-002,0.50,8/12/23,2,Monarda,fistulosa,Parasite Analyses,,
ESI,2023-158,Apidae,Bombus,griseocollis,6/3/24,0,0,0,1,0,0,1,1,0.5km-003,0.50,8/13/23,2,Monarda,fistulosa,Parasite Analyses,,
ESI,2023-021,Apidae,Bombus,impatiens,6/27/24,0,0,1,0,0,0,1,1,0.5km-002,0.50,7/23/23,1,Monarda,fistulosa,Parasite Analyses,,
ESI,2023-132,Apidae,Bombus,rufocinctus,6/6/24,0,0,0,1,0,0,1,1,0.5km-001,0.50,8/12/23,2,Pycnanthemum,tenuifolium,Parasite Analyses,,
ESI,2023-247,Apidae,Bombus,rufocinctus,6/25/24,0,0,0,1,0,0,1,1,2km-001,2.00,8/12/23,2,Silphium,integrifolium,Parasite Analyses,,
ESI,2023-168,Apidae,Bombus,bimaculatus,6/5/24,0,0,0,1,1,0,0,1,0.5km-004,0.50,8/13/23,2,Monarda,fistulosa,Parasite Analyses,,
ESI,2023-119,Apidae,Apis,mellifera,6/6/24,0,0,1,0,0,1,0,1,0.5km-001,0.50,8/12/23,2,Pycnanthemum,tenuifolium,Parasite Analyses,,"organs shrivelled and broken down, no fat reserves"
ESI,2023-014,Apidae,Apis,mellifera,6/27/24,0,0,1,0,0,1,0,1,0.5km-002,0.50,7/23/23,1,Veronicastrum,virginicum,Parasite Analyses,,
ESI,2023-136,Apidae,Apis,mellifera,6/7/24,0,0,1,0,0,1,0,1,0.5km-002,0.50,8/12/23,2,Silphium,integrifolium,Parasite Analyses,,
ESI,2023-152,Apidae,Apis,mellifera,6/3/24,0,0,1,0,0,1,0,1,0.5km-003,0.50,8/13/23,2,Silphium,perfoliatum,Parasite Analyses,,
ESI,2023-278,Apidae,Apis,mellifera,6/26/24,0,0,1,0,0,1,0,1,2km-004,2.00,8/13/23,2,Silphium,integrifolium,Parasite Analyses,,
ESI,2023-001,Apidae,Apis,mellifera,6/27/24,0,0,1,0,0,0,0,1,0.5km-001,0.50,7/24/23,1,Pycnanthemum,tenuifolium,Parasite Analyses,,dark reduced guts
ESI,2023-002,Apidae,Apis,mellifera,6/27/24,0,0,1,0,0,0,0,1,0.5km-001,0.50,7/24/23,1,Pycnanthemum,tenuifolium,Parasite Analyses,,
ESI,2023-118,Apidae,Apis,mellifera,6/6/24,0,0,1,0,0,0,0,1,0.5km-001,0.50,8/12/23,2,Pycnanthemum,tenuifolium,Parasite Analyses,,
ESI,2023-120,Apidae,Apis,mellifera,6/6/24,0,0,1,0,0,0,0,1,0.5km-001,0.50,8/12/23,2,Pycnanthemum,tenuifolium,Parasite Analyses,,
ESI,2023-121,Apidae,Apis,mellifera,6/6/24,0,0,1,0,0,0,0,1,0.5km-001,0.50,8/12/23,2,Pycnanthemum,tenuifolium,Parasite Analyses,,
ESI,2023-015,Apidae,Apis,mellifera,6/27/24,0,0,1,0,0,0,0,1,0.5km-002,0.50,7/23/23,1,Veronicastrum,virginicum,Parasite Analyses,,"brown, dark guts"
ESI,2023-016,Apidae,Apis,mellifera,6/27/24,0,0,1,0,0,0,0,1,0.5km-002,0.50,7/23/23,1,Veronicastrum,virginicum,Parasite Analyses,,
ESI,2023-134,Apidae,Apis,mellifera,6/7/24,0,0,1,0,0,0,0,1,0.5km-002,0.50,8/12/23,2,Silphium,integrifolium,Parasite Analyses,,
ESI,2023-135,Apidae,Apis,mellifera,6/10/24,0,0,1,0,0,0,0,1,0.5km-002,0.50,8/12/23,2,Silphium,integrifolium,Parasite Analyses,,
ESI,2023-023,Apidae,Apis,mellifera,6/27/24,0,0,1,0,0,0,0,1,0.5km-003,0.50,7/25/23,1,Hypericum,perforatum,Parasite Analyses,,dark fragile organs
ESI,2023-024,Apidae,Apis,mellifera,6/27/24,0,0,1,0,0,0,0,1,0.5km-003,0.50,7/25/23,1,Hypericum,perforatum,Parasite Analyses,,
ESI,2023-025,Apidae,Apis,mellifera,6/27/24,0,0,1,0,0,0,0,1,0.5km-003,0.50,7/25/23,1,Hypericum,perforatum,Parasite Analyses,,hard orange lumps in organs
ESI,2023-150,Apidae,Apis,mellifera,6/3/24,0,0,1,0,0,0,0,1,0.5km-003,0.50,8/13/23,2,Silphium,perfoliatum,Parasite Analyses,,
ESI,2023-151,Apidae,Apis,mellifera,6/3/24,0,0,1,0,0,0,0,1,0.5km-003,0.50,8/13/23,2,Silphium,perfoliatum,Parasite Analyses,,
ESI,2023-153,Apidae,Apis,mellifera,6/3/24,0,0,1,0,0,0,0,1,0.5km-003,0.50,8/13/23,2,Silphium,perfoliatum,Parasite Analyses,,
ESI,2023-032,Apidae,Apis,mellifera,???,0,0,1,0,0,0,0,1,0.5km-004,0.50,7/23/23,1,Verbena,stricta,Parasite Analyses,,"appears to be dissected, but no date listed"
ESI,2023-033,Apidae,Apis,mellifera,6/27/24,0,0,1,0,0,0,0,1,0.5km-004,0.50,7/23/23,1,Verbena,stricta,Parasite Analyses,,nasty brown guts
ESI,2023-034,Apidae,Apis,mellifera,6/27/24,0,0,1,0,0,0,0,1,0.5km-004,0.50,7/23/23,1,Verbena,stricta,Parasite Analyses,,
ESI,2023-035,Apidae,Apis,mellifera,6/27/24,0,0,1,0,0,0,0,1,0.5km-004,0.50,7/23/23,1,Verbena,stricta,Parasite Analyses,,
ESI,2023-036,Apidae,Apis,mellifera,6/27/24,0,0,1,0,0,0,0,1,0.5km-004,0.50,7/23/23,1,Verbena,stricta,Parasite Analyses,,"nasty, sticky, dark brown guts"
ESI,2023-048,Apidae,Apis,mellifera,7/3/24,0,0,1,0,0,0,0,1,1km-001,1.00,7/25/23,1,Verbena,stricta,Parasite Analyses,,
ESI,2023-049,Apidae,Apis,mellifera,7/3/24,0,0,1,0,0,0,0,1,1km-001,1.00,7/25/23,1,Verbena,stricta,Parasite Analyses,,
ESI,2023-183,Apidae,Apis,mellifera,6/10/24,0,0,1,0,0,0,0,1,1km-001,1.00,8/13/23,2,Monarda,punctata,Parasite Analyses,,
ESI,2023-184,Apidae,Apis,mellifera,6/10/24,0,0,1,0,0,0,0,1,1km-001,1.00,8/13/23,2,Monarda,punctata,Parasite Analyses,,
ESI,2023-185,Apidae,Apis,mellifera,6/10/24,0,0,1,0,0,0,0,1,1km-001,1.00,8/13/23,2,Monarda,punctata,Parasite Analyses,,
ESI,2023-058,Apidae,Apis,mellifera,7/3/24,0,0,1,0,0,0,0,1,1km-002,1.00,7/24/23,1,Pycnanthemum,tenuifolium,Parasite Analyses,,
ESI,2023-059,Apidae,Apis,mellifera,7/3/24,0,0,1,0,0,0,0,1,1km-002,1.00,7/24/23,1,Pycnanthemum,tenuifolium,Parasite Analyses,,
ESI,2023-197,Apidae,Apis,mellifera,6/24/24,0,0,1,0,0,0,0,1,1km-002,1.00,8/12/23,2,Silphium,integrifolium,Parasite Analyses,,
ESI,2023-198,Apidae,Apis,mellifera,6/24/24,0,0,1,0,0,0,0,1,1km-002,1.00,8/12/23,2,Silphium,integrifolium,Parasite Analyses,,
ESI,2023-199,Apidae,Apis,mellifera,6/24/24,0,0,1,0,0,0,0,1,1km-002,1.00,8/12/23,2,Silphium,integrifolium,Parasite Analyses,,
ESI,2023-200,Apidae,Apis,mellifera,6/24/24,0,0,1,0,0,0,0,1,1km-002,1.00,8/12/23,2,Silphium,integrifolium,Parasite Analyses,,
ESI,2023-068,Apidae,Apis,mellifera,7/3/24,0,0,1,0,0,0,0,1,1km-003,1.00,7/24/23,1,Pycnanthemum,tenuifolium,Parasite Analyses,,
ESI,2023-069,Apidae,Apis,mellifera,7/3/24,0,0,1,0,0,0,0,1,1km-003,1.00,7/24/23,1,Pycnanthemum,tenuifolium,Parasite Analyses,,
ESI,2023-210,Apidae,Apis,mellifera,6/25/24,0,0,1,0,0,0,0,1,1km-003,1.00,8/12/23,2,Pycnanthemum,tenuifolium,Parasite Analyses,,
ESI,2023-211,Apidae,Apis,mellifera,6/25/24,0,0,1,0,0,0,0,1,1km-003,1.00,8/12/23,2,Pycnanthemum,tenuifolium,Parasite Analyses,,
ESI,2023-212,Apidae,Apis,mellifera,6/25/24,0,0,1,0,0,0,0,1,1km-003,1.00,8/12/23,2,Pycnanthemum,tenuifolium,Parasite Analyses,,
ESI,2023-213,Apidae,Apis,mellifera,6/25/24,0,0,1,0,0,0,0,1,1km-003,1.00,8/12/23,2,Pycnanthemum,tenuifolium,Parasite Analyses,,
ESI,2023-214,Apidae,Apis,mellifera,6/25/24,0,0,1,0,0,0,0,1,1km-003,1.00,8/12/23,2,Pycnanthemum,tenuifolium,Parasite Analyses,,
ESI,2023-074,Apidae,Apis,mellifera,7/2/24,0,0,1,0,0,0,0,1,1km-004,1.00,7/23/23,1,Pycnanthemum,tenuifolium,Parasite Analyses,,
ESI,2023-074A,Apidae,Apis,mellifera,7/2/24,0,0,1,0,0,0,0,1,1km-004,1.00,7/23/23,1,Pycnanthemum,tenuifolium,Parasite Analyses,,
ESI,2023-224,Apidae,Apis,mellifera,6/11/24,0,0,1,0,0,0,0,1,1km-004,1.00,8/13/23,2,Pycnanthemum,tenuifolium,Parasite Analyses,,
ESI,2023-225,Apidae,Apis,mellifera,6/11/24,0,0,1,0,0,0,0,1,1km-004,1.00,8/13/23,2,Pycnanthemum,tenuifolium,Parasite Analyses,,
ESI,2023-226,Apidae,Apis,mellifera,6/11/24,0,0,1,0,0,0,0,1,1km-004,1.00,8/13/23,2,Pycnanthemum,tenuifolium,Parasite Analyses,,
ESI,2023-238,Apidae,Apis,mellifera,6/25/24,0,0,1,0,0,0,0,1,2km-001,2.00,8/12/23,2,Veronicastrum,virginicum,Parasite Analyses,,
ESI,2023-239,Apidae,Apis,mellifera,6/25/24,0,0,1,0,0,0,0,1,2km-001,2.00,8/12/23,2,Veronicastrum,virginicum,Parasite Analyses,,
ESI,2023-093,Apidae,Apis,mellifera,7/2/24,0,0,1,0,0,0,0,1,2km-002,2.00,7/23/23,1,Pycnanthemum,tenuifolium,Parasite Analyses,,
ESI,2023-248,Apidae,Apis,mellifera,6/26/24,0,0,1,0,0,0,0,1,2km-002,2.00,8/13/23,2,Pycnanthemum,tenuifolium,Parasite Analyses,,
ESI,2023-249,Apidae,Apis,mellifera,6/26/24,0,0,1,0,0,0,0,1,2km-002,2.00,8/13/23,2,Pycnanthemum,tenuifolium,Parasite Analyses,,
ESI,2023-250,Apidae,Apis,mellifera,6/26/24,0,0,1,0,0,0,0,1,2km-002,2.00,8/13/23,2,Pycnanthemum,tenuifolium,Parasite Analyses,,
ESI,2023-251,Apidae,Apis,mellifera,6/26/24,0,0,1,0,0,0,0,1,2km-002,2.00,8/13/23,2,Pycnanthemum,tenuifolium,Parasite Analyses,,
ESI,2023-108,Apidae,Apis,mellifera,????,0,0,1,0,0,0,0,1,2km-004,2.00,7/25/23,1,Silphium,laciniatum,Parasite Analyses,,"appears to be dissected, but no date listed"
ESI,2023-109,Apidae,Apis,mellifera,????,0,0,1,0,0,0,0,1,2km-004,2.00,7/25/23,1,Silphium,laciniatum,Parasite Analyses,,"appears to be dissected, but no date listed"
ESI,2023-275,Apidae,Apis,mellifera,6/26/24,0,0,1,0,0,0,0,1,2km-004,2.00,8/13/23,2,Silphium,integrifolium,Parasite Analyses,,
ESI,2023-276,Apidae,Apis,mellifera,6/26/24,0,0,1,0,0,0,0,1,2km-004,2.00,8/13/23,2,Silphium,integrifolium,Parasite Analyses,,
ESI,2023-277,Apidae,Apis,mellifera,6/26/24,0,0,1,0,0,0,0,1,2km-004,2.00,8/13/23,2,Silphium,integrifolium,Parasite Analyses,,
ESI,2023-017,Apidae,Bombus,auricomus,6/27/24,0,0,0,1,0,0,0,1,0.5km-002,0.50,7/23/23,1,Monarda,fistulosa,Parasite Analyses,,external mites
ESI,2023-138,Apidae,Bombus,auricomus,6/10/24,0,0,0,1,0,0,0,1,0.5km-002,0.50,8/12/23,2,Monarda,fistulosa,Parasite Analyses,,
ESI,2023-137,Apidae,Bombus,auricomus,6/7/24,0,0,1,0,0,0,0,1,0.5km-002,0.50,8/12/23,2,Monarda,fistulosa,Parasite Analyses,,
ESI,2023-026,Apidae,Bombus,auricomus,6/27/24,0,0,1,0,0,0,0,1,0.5km-003,0.50,7/25/23,1,Monarda,fistulosa,Parasite Analyses,,
ESI,2023-154,Apidae,Bombus,auricomus,6/3/24,0,0,1,0,0,0,0,1,0.5km-003,0.50,8/13/23,2,Monarda,fistulosa,Parasite Analyses,,
ESI,2023-038,Apidae,Bombus,auricomus,6/27/24,0,0,1,0,0,0,0,1,0.5km-004,0.50,7/23/23,1,Monarda,fistulosa,Parasite Analyses,,
ESI,2023-164,Apidae,Bombus,auricomus,6/5/24,0,0,1,0,0,0,0,1,0.5km-004,0.50,8/13/23,2,Monarda,fistulosa,Parasite Analyses,,"white gooey substance on end of abdomen, engorged ovaries, dark fat"
ESI,2023-165,Apidae,Bombus,auricomus,6/5/24,0,0,1,0,0,0,0,1,0.5km-004,0.50,8/13/23,2,Monarda,fistulosa,Parasite Analyses,,
ESI,2023-166,Apidae,Bombus,auricomus,6/5/24,0,0,1,0,0,0,0,1,0.5km-004,0.50,8/13/23,2,Monarda,fistulosa,Parasite Analyses,,
ESI,2023-167,Apidae,Bombus,auricomus,6/5/24,0,0,1,0,0,0,0,1,0.5km-004,0.50,8/13/23,2,Monarda,fistulosa,Parasite Analyses,,
ESI,2023-060,Apidae,Bombus,auricomus,7/3/24,0,0,1,0,0,0,0,1,1km-002,1.00,7/24/23,1,Monarda,fistulosa,Parasite Analyses,,
ESI,2023-061,Apidae,Bombus,auricomus,7/3/24,0,0,1,0,0,0,0,1,1km-002,1.00,7/24/23,1,Monarda,fistulosa,Parasite Analyses,,
ESI,2023-070,Apidae,Bombus,auricomus,7/3/24,0,0,1,0,0,0,0,1,1km-003,1.00,7/24/23,1,Lespedeza,carolinense,Parasite Analyses,,
ESI,2023-075,Apidae,Bombus,auricomus,7/2/24,0,0,0,1,0,0,0,1,1km-004,1.00,7/23/23,1,Monarda,fistulosa,Parasite Analyses,,
ESI,2023-228,Apidae,Bombus,auricomus,6/11/24,0,0,0,1,0,0,0,1,1km-004,1.00,8/13/23,2,Monarda,fistulosa,Parasite Analyses,,
ESI,2023-085,Apidae,Bombus,auricomus,7/2/24,0,0,0,1,0,0,0,1,2km-001,2.00,7/24/23,1,Monarda,fistulosa,Parasite Analyses,,mites
ESI,2023-086,Apidae,Bombus,auricomus,7/1/24,0,0,0,1,0,0,0,1,2km-001,2.00,7/24/23,1,Monarda,fistulosa,Parasite Analyses,,Big bee
ESI,2023-084,Apidae,Bombus,auricomus,7/2/24,0,0,1,0,0,0,0,1,2km-001,2.00,7/24/23,1,Monarda,fistulosa,Parasite Analyses,,
ESI,2023-095,Apidae,Bombus,auricomus,7/2/24,0,0,1,0,0,0,0,1,2km-002,2.00,7/23/23,1,Pycnanthemum,tenuifolium,Parasite Analyses,,
ESI,2023-101,Apidae,Bombus,auricomus,7/2/24,0,0,1,0,0,0,0,1,2km-003,2.00,7/24/23,1,Monarda,fistulosa,Parasite Analyses,,
ESI,2023-050,Apidae,Bombus,bimaculatus,7/3/24,0,0,1,0,0,0,0,1,1km-001,1.00,7/25/23,1,Monarda,fistulosa,Parasite Analyses,,
ESI,2023-279,Apidae,Bombus,bimaculatus,6/26/24,0,0,1,0,0,0,0,1,2km-004,2.00,8/13/23,2,Cirsium,discolor,Parasite Analyses,,green mass in gut
ESI,2023-123,Apidae,Bombus,citrinus,6/6/24,0,0,0,1,0,0,0,1,0.5km-001,0.50,8/12/23,2,Pycnanthemum,tenuifolium,Parasite Analyses,,
ESI,2023-139,Apidae,Bombus,fervidus,6/7/24,0,0,1,0,0,0,0,1,0.5km-002,0.50,8/12/23,2,Monarda,fistulosa,Parasite Analyses,,
ESI,2023-155,Apidae,Bombus,fervidus,6/3/24,0,0,1,0,0,0,0,1,0.5km-003,0.50,8/13/23,2,Monarda,fistulosa,Parasite Analyses,,
ESI,2023-170,Apidae,Bombus,fervidus,6/5/24,0,0,0,1,0,0,0,1,0.5km-004,0.50,8/13/23,2,Monarda,fistulosa,Parasite Analyses,,
ESI,2023-171,Apidae,Bombus,fervidus,6/5/24,0,0,1,0,0,0,0,1,0.5km-004,0.50,8/13/23,2,Monarda,fistulosa,Parasite Analyses,,
ESI,2023-187,Apidae,Bombus,fervidus,6/10/24,0,0,0,1,0,0,0,1,1km-001,1.00,8/13/23,2,Monarda,fistulosa,Parasite Analyses,,very large sexual organs
ESI,2023-188,Apidae,Bombus,fervidus,6/10/24,0,0,0,1,0,0,0,1,1km-001,1.00,8/13/23,2,Monarda,fistulosa,Parasite Analyses,,
ESI,2023-201,Apidae,Bombus,fervidus,6/24/24,0,0,0,1,0,0,0,1,1km-002,1.00,8/12/23,2,Silphium,perfoliatum,Parasite Analyses,,
ESI,2023-216,Apidae,Bombus,fervidus,6/25/24,0,0,0,1,0,0,0,1,1km-003,1.00,8/12/23,2,Monarda,fistulosa,Parasite Analyses,,
ESI,2023-071,Apidae,Bombus,fervidus,7/3/24,0,0,1,0,0,0,0,1,1km-003,1.00,7/24/23,1,Veronicastrum,virginicum,Parasite Analyses,,
ESI,2023-087,Apidae,Bombus,fervidus,7/1/24,0,0,1,0,0,0,0,1,2km-001,2.00,7/24/23,1,Monarda,fistulosa,Parasite Analyses,,
ESI,2023-264,Apidae,Bombus,fervidus,6/25/24,0,0,0,1,0,0,0,1,2km-003,2.00,8/12/23,2,Agastache,foeniculum,Parasite Analyses,,
ESI,2023-263,Apidae,Bombus,fervidus,6/26/24,0,0,1,0,0,0,0,1,2km-003,2.00,8/12/23,2,Agastache,foeniculum,Parasite Analyses,,
ESI,2023-125,Apidae,Bombus,griseocollis,6/6/24,0,0,0,1,0,0,0,1,0.5km-001,0.50,8/12/23,2,Monarda,fistulosa,Parasite Analyses,,dark mass in lower/hindgut
ESI,2023-003,Apidae,Bombus,griseocollis,6/27/24,0,0,1,0,0,0,0,1,0.5km-001,0.50,7/24/23,1,Veronicastrum,virginicum,Parasite Analyses,,
ESI,2023-004,Apidae,Bombus,griseocollis,6/27/24,0,0,1,0,0,0,0,1,0.5km-001,0.50,7/24/23,1,Veronicastrum,virginicum,Parasite Analyses,,"gray, brown guts"
ESI,2023-124,Apidae,Bombus,griseocollis,6/6/24,0,0,1,0,0,0,0,1,0.5km-001,0.50,8/12/23,2,Monarda,fistulosa,Parasite Analyses,,yellowed organs
ESI,2023-145,Apidae,Bombus,griseocollis,6/7/24,0,0,0,1,0,0,0,1,0.5km-002,0.50,8/12/23,2,Monarda,fistulosa,Parasite Analyses,,
ESI,2023-020,Apidae,Bombus,griseocollis,6/27/24,0,0,1,0,0,0,0,1,0.5km-002,0.50,7/23/23,1,Eryngium,yuccifolium,Parasite Analyses,,Enlarged ovaries
ESI,2023-140,Apidae,Bombus,griseocollis,6/10/24,0,0,1,0,0,0,0,1,0.5km-002,0.50,8/12/23,2,Monarda,fistulosa,Parasite Analyses,,
ESI,2023-141,Apidae,Bombus,griseocollis,6/7/24,0,0,1,0,0,0,0,1,0.5km-002,0.50,8/12/23,2,Monarda,fistulosa,Parasite Analyses,,"white substance around abdomen, highly swollen and yellow hindgut"
ESI,2023-142,Apidae,Bombus,griseocollis,6/7/24,0,0,1,0,0,0,0,1,0.5km-002,0.50,8/12/23,2,Monarda,fistulosa,Parasite Analyses,,"brittle and fragile exoskeleton, gut greyed and gooey - hard to differentiate"
ESI,2023-143,Apidae,Bombus,griseocollis,6/7/24,0,0,1,0,0,0,0,1,0.5km-002,0.50,8/12/23,2,Monarda,fistulosa,Parasite Analyses,,
ESI,2023-028,Apidae,Bombus,griseocollis,6/27/24,0,0,0,1,0,0,0,1,0.5km-003,0.50,7/25/23,1,Monarda,fistulosa,Parasite Analyses,,
ESI,2023-027,Apidae,Bombus,griseocollis,6/27/24,0,0,1,0,0,0,0,1,0.5km-003,0.50,7/25/23,1,Monarda,fistulosa,Parasite Analyses,,
ESI,2023-156,Apidae,Bombus,griseocollis,6/3/24,0,0,1,0,0,0,0,1,0.5km-003,0.50,8/13/23,2,Monarda,fistulosa,Parasite Analyses,,possibly a male
ESI,2023-157,Apidae,Bombus,griseocollis,6/3/24,0,0,1,0,0,0,0,1,0.5km-003,0.50,8/13/23,2,Monarda,fistulosa,Parasite Analyses,,
ESI,2023-040,Apidae,Bombus,griseocollis,6/27/24,0,0,0,1,0,0,0,1,0.5km-004,0.50,7/23/23,1,Monarda,fistulosa,Parasite Analyses,,
ESI,2023-041,Apidae,Bombus,griseocollis,6/27/24,0,0,0,1,0,0,0,1,0.5km-004,0.50,7/23/23,1,Monarda,fistulosa,Parasite Analyses,,
ESI,2023-042,Apidae,Bombus,griseocollis,6/27/24,0,0,0,1,0,0,0,1,0.5km-004,0.50,7/23/23,1,Monarda,fistulosa,Parasite Analyses,,
ESI,2023-043,Apidae,Bombus,griseocollis,6/27/24,0,0,0,1,0,0,0,1,0.5km-004,0.50,7/23/23,1,Monarda,fistulosa,Parasite Analyses,,
ESI,2023-174,Apidae,Bombus,griseocollis,6/5/24,0,0,0,1,0,0,0,1,0.5km-004,0.50,8/13/23,2,Monarda,fistulosa,Parasite Analyses,,
ESI,2023-039,Apidae,Bombus,griseocollis,6/27/24,0,0,1,0,0,0,0,1,0.5km-004,0.50,7/23/23,1,Monarda,fistulosa,Parasite Analyses,,
ESI,2023-173,Apidae,Bombus,griseocollis,6/5/24,0,0,1,0,0,0,0,1,0.5km-004,0.50,8/13/23,2,Monarda,fistulosa,Parasite Analyses,,
ESI,2023-051,Apidae,Bombus,griseocollis,7/3/24,0,0,0,1,0,0,0,1,1km-001,1.00,7/25/23,1,Monarda,fistulosa,Parasite Analyses,,
ESI,2023-052,Apidae,Bombus,griseocollis,7/3/24,0,0,0,1,0,0,0,1,1km-001,1.00,7/25/23,1,Monarda,fistulosa,Parasite Analyses,,
ESI,2023-053,Apidae,Bombus,griseocollis,7/3/24,0,0,0,1,0,0,0,1,1km-001,1.00,7/25/23,1,Monarda,fistulosa,Parasite Analyses,,
ESI,2023-189,Apidae,Bombus,griseocollis,6/10/24,0,0,0,1,0,0,0,1,1km-001,1.00,8/13/23,2,Monarda,fistulosa,Parasite Analyses,,
ESI,2023-190,Apidae,Bombus,griseocollis,6/11/24,0,0,0,1,0,0,0,1,1km-001,1.00,8/13/23,2,Monarda,fistulosa,Parasite Analyses,,
ESI,2023-203,Apidae,Bombus,griseocollis,6/14/24,0,0,0,1,0,0,0,1,1km-002,1.00,8/12/23,2,Silphium,perfoliatum,Parasite Analyses,,
ESI,2023-062,Apidae,Bombus,griseocollis,7/3/24,0,0,1,0,0,0,0,1,1km-002,1.00,7/24/23,1,Monarda,fistulosa,Parasite Analyses,,
ESI,2023-063,Apidae,Bombus,griseocollis,7/3/24,0,0,1,0,0,0,0,1,1km-002,1.00,7/24/23,1,Monarda,fistulosa,Parasite Analyses,,
ESI,2023-064,Apidae,Bombus,griseocollis,7/3/24,0,0,1,0,0,0,0,1,1km-002,1.00,7/24/23,1,Monarda,fistulosa,Parasite Analyses,,enlarged ovaries
ESI,2023-202,Apidae,Bombus,griseocollis,6/24/24,0,0,1,0,0,0,0,1,1km-002,1.00,8/12/23,2,Silphium,perfoliatum,Parasite Analyses,,
ESI,2023-217,Apidae,Bombus,griseocollis,6/25/24,0,0,0,1,0,0,0,1,1km-003,1.00,8/12/23,2,Monarda,fistulosa,Parasite Analyses,,
ESI,2023-072,Apidae,Bombus,griseocollis,7/3/24,0,0,1,0,0,0,0,1,1km-003,1.00,7/24/23,1,Lespedeza,carolinense,Parasite Analyses,,
ESI,2023-077A,Apidae,Bombus,griseocollis,7/2/24,0,0,0,1,0,0,0,1,1km-004,1.00,7/23/23,1,Monarda,fistulosa,Parasite Analyses,,
ESI,2023-231,Apidae,Bombus,griseocollis,6/13/24,0,0,0,1,0,0,0,1,1km-004,1.00,8/13/23,2,Monarda,fistulosa,Parasite Analyses,,
ESI,2023-077,Apidae,Bombus,griseocollis,7/2/24,0,0,1,0,0,0,0,1,1km-004,1.00,7/23/23,1,Monarda,fistulosa,Parasite Analyses,,
ESI,2023-089,Apidae,Bombus,griseocollis,7/2/24,0,0,0,1,0,0,0,1,2km-001,2.00,7/24/23,1,Monarda,fistulosa,Parasite Analyses,,
ESI,2023-090,Apidae,Bombus,griseocollis,7/2/24,0,0,0,1,0,0,0,1,2km-001,2.00,7/24/23,1,Monarda,fistulosa,Parasite Analyses,,
ESI,2023-243,Apidae,Bombus,griseocollis,6/25/24,0,0,0,1,0,0,0,1,2km-001,2.00,8/12/23,2,Veronicastrum,virginicum,Parasite Analyses,,
ESI,2023-240,Apidae,Bombus,griseocollis,6/25/24,0,0,1,0,0,0,0,1,2km-001,2.00,8/12/23,2,Veronicastrum,virginicum,Parasite Analyses,,pale cloudy eyes
ESI,2023-241,Apidae,Bombus,griseocollis,6/25/24,0,0,1,0,0,0,0,1,2km-001,2.00,8/12/23,2,Veronicastrum,virginicum,Parasite Analyses,,
ESI,2023-242,Apidae,Bombus,griseocollis,6/25/24,0,0,1,0,0,0,0,1,2km-001,2.00,8/12/23,2,Veronicastrum,virginicum,Parasite Analyses,,
ESI,2023-253,Apidae,Bombus,griseocollis,6/26/24,0,0,0,1,0,0,0,1,2km-002,2.00,8/13/23,2,Eutrochium,maculatum,Parasite Analyses,,
ESI,2023-254,Apidae,Bombus,griseocollis,6/26/24,0,0,0,1,0,0,0,1,2km-002,2.00,8/13/23,2,Eutrochium,maculatum,Parasite Analyses,,
ESI,2023-255,Apidae,Bombus,griseocollis,6/26/24,0,0,0,1,0,0,0,1,2km-002,2.00,8/13/23,2,Eutrochium,maculatum,Parasite Analyses,,
ESI,2023-096,Apidae,Bombus,griseocollis,7/2/24,0,0,1,0,0,0,0,1,2km-002,2.00,7/23/23,1,Pycnanthemum,tenuifolium,Parasite Analyses,,
ESI,2023-102,Apidae,Bombus,griseocollis,7/2/24,0,0,0,1,0,0,0,1,2km-003,2.00,7/24/23,1,Monarda,fistulosa,Parasite Analyses,,some darkness in guts
ESI,2023-266,Apidae,Bombus,griseocollis,6/25/24,0,0,0,1,0,0,0,1,2km-003,2.00,8/12/23,2,Agastache,foeniculum,Parasite Analyses,,
ESI,2023-282,Apidae,Bombus,griseocollis,6/26/24,0,0,0,1,0,0,0,1,2km-004,2.00,8/13/23,2,Monarda,fistulosa,Parasite Analyses,,
ESI,2023-112,Apidae,Bombus,griseocollis,7/2/24,0,0,1,0,0,0,0,1,2km-004,2.00,7/25/23,1,Monarda,fistulosa,Parasite Analyses,,
ESI,2023-113,Apidae,Bombus,griseocollis,7/2/24,0,0,1,0,0,0,0,1,2km-004,2.00,7/25/23,1,Monarda,fistulosa,Parasite Analyses,,
ESI,2023-281,Apidae,Bombus,griseocollis,6/26/24,0,0,1,0,0,0,0,1,2km-004,2.00,8/13/23,2,Monarda,fistulosa,Parasite Analyses,,
ESI,2023-007,Apidae,Bombus,impatiens,6/27/24,0,0,1,0,0,0,0,1,0.5km-001,0.50,7/24/23,1,Veronicastrum,virginicum,Parasite Analyses,,hardened organs
ESI,2023-126,Apidae,Bombus,impatiens,6/6/24,0,0,1,0,0,0,0,1,0.5km-001,0.50,8/12/23,2,Gentiana,alba,Parasite Analyses,,
ESI,2023-127,Apidae,Bombus,impatiens,6/6/24,0,0,1,0,0,0,0,1,0.5km-001,0.50,8/12/23,2,Gentiana,alba,Parasite Analyses,,ample dark yellow fat
ESI,2023-146,Apidae,Bombus,impatiens,6/7/24,0,0,1,0,0,0,0,1,0.5km-002,0.50,8/12/23,2,Silphium,integrifolium,Parasite Analyses,,
ESI,2023-147,Apidae,Bombus,impatiens,6/7/24,0,0,1,0,0,0,0,1,0.5km-002,0.50,8/12/23,2,Silphium,integrifolium,Parasite Analyses,,a lot of healthy pale fat
ESI,2023-148,Apidae,Bombus,impatiens,6/7/24,0,0,1,0,0,0,0,1,0.5km-002,0.50,8/12/23,2,Silphium,integrifolium,Parasite Analyses,,
ESI,2023-161,Apidae,Bombus,impatiens,6/3/24,0,0,0,1,0,0,0,1,0.5km-003,0.50,8/13/23,2,Monarda,fistulosa,Parasite Analyses,,
ESI,2023-029,Apidae,Bombus,impatiens,6/27/24,0,0,1,0,0,0,0,1,0.5km-003,0.50,7/25/23,1,Monarda,fistulosa,Parasite Analyses,,
ESI,2023-030,Apidae,Bombus,impatiens,6/27/24,0,0,1,0,0,0,0,1,0.5km-003,0.50,7/25/23,1,Monarda,fistulosa,Parasite Analyses,,
ESI,2023-031,Apidae,Bombus,impatiens,6/27/24,0,0,1,0,0,0,0,1,0.5km-003,0.50,7/25/23,1,Monarda,fistulosa,Parasite Analyses,,
ESI,2023-160,Apidae,Bombus,impatiens,6/3/24,0,0,1,0,0,0,0,1,0.5km-003,0.50,8/13/23,2,Monarda,fistulosa,Parasite Analyses,,
ESI,2023-044,Apidae,Bombus,impatiens,6/27/24,0,0,1,0,0,0,0,1,0.5km-004,0.50,7/23/23,1,Monarda,fistulosa,Parasite Analyses,,icky brown guts
ESI,2023-045,Apidae,Bombus,impatiens,6/27/24,0,0,1,0,0,0,0,1,0.5km-004,0.50,7/23/23,1,Monarda,fistulosa,Parasite Analyses,,
ESI,2023-176,Apidae,Bombus,impatiens,6/5/24,0,0,1,0,0,0,0,1,0.5km-004,0.50,8/13/23,2,Monarda,fistulosa,Parasite Analyses,,
ESI,2023-177,Apidae,Bombus,impatiens,6/5/24,0,0,1,0,0,0,0,1,0.5km-004,0.50,8/13/23,2,Monarda,fistulosa,Parasite Analyses,,
ESI,2023-179,Apidae,Bombus,impatiens,6/5/24,0,0,1,0,0,0,0,1,0.5km-004,0.50,8/13/23,2,Monarda,fistulosa,Parasite Analyses,,
ESI,2023-194,Apidae,Bombus,impatiens,6/11/24,0,0,0,1,0,0,0,1,1km-001,1.00,8/13/23,2,Silphium,integrifolium,Parasite Analyses,,
ESI,2023-195,Apidae,Bombus,impatiens,6/11/24,0,0,0,1,0,0,0,1,1km-001,1.00,8/13/23,2,Silphium,integrifolium,Parasite Analyses,,
ESI,2023-054,Apidae,Bombus,impatiens,7/3/24,0,0,1,0,0,0,0,1,1km-001,1.00,7/25/23,1,Monarda,fistulosa,Parasite Analyses,,
ESI,2023-055,Apidae,Bombus,impatiens,7/3/24,0,0,1,0,0,0,0,1,1km-001,1.00,7/25/23,1,Monarda,fistulosa,Parasite Analyses,,
ESI,2023-191,Apidae,Bombus,impatiens,6/11/24,0,0,1,0,0,0,0,1,1km-001,1.00,8/13/23,2,Silphium,integrifolium,Parasite Analyses,,
ESI,2023-192,Apidae,Bombus,impatiens,6/11/24,0,0,1,0,0,0,0,1,1km-001,1.00,8/13/23,2,Silphium,integrifolium,Parasite Analyses,,
ESI,2023-193,Apidae,Bombus,impatiens,6/11/24,0,0,1,0,0,0,0,1,1km-001,1.00,8/13/23,2,Silphium,integrifolium,Parasite Analyses,,
ESI,2023-066,Apidae,Bombus,impatiens,7/3/24,0,0,1,0,0,0,0,1,1km-002,1.00,7/24/23,1,Monarda,fistulosa,Parasite Analyses,,
ESI,2023-205,Apidae,Bombus,impatiens,6/24/24,0,0,1,0,0,0,0,1,1km-002,1.00,8/12/23,2,Eutrochium,maculatum,Parasite Analyses,,
ESI,2023-206,Apidae,Bombus,impatiens,6/24/24,0,0,1,0,0,0,0,1,1km-002,1.00,8/12/23,2,Eutrochium,maculatum,Parasite Analyses,,
ESI,2023-207,Apidae,Bombus,impatiens,6/24/24,0,0,1,0,0,0,0,1,1km-002,1.00,8/12/23,2,Eutrochium,maculatum,Parasite Analyses,,
ESI,2023-221,Apidae,Bombus,impatiens,6/25/24,0,0,0,1,0,0,0,1,1km-003,1.00,8/12/23,2,Monarda,fistulosa,Parasite Analyses,,
ESI,2023-222,Apidae,Bombus,impatiens,6/25/24,0,0,0,1,0,0,0,1,1km-003,1.00,8/12/23,2,Monarda,fistulosa,Parasite Analyses,,
ESI,2023-073,Apidae,Bombus,impatiens,7/3/24,0,0,1,0,0,0,0,1,1km-003,1.00,7/24/23,1,Lespedeza,carolinense,Parasite Analyses,,
ESI,2023-218,Apidae,Bombus,impatiens,6/25/24,0,0,1,0,0,0,0,1,1km-003,1.00,8/12/23,2,Monarda,fistulosa,Parasite Analyses,,
ESI,2023-220,Apidae,Bombus,impatiens,6/25/24,0,0,1,0,0,0,0,1,1km-003,1.00,8/12/23,2,Monarda,fistulosa,Parasite Analyses,,"some greenness in guts, prominent air sacs"
ESI,2023-234,Apidae,Bombus,impatiens,6/13/24,0,0,0,1,0,0,0,1,1km-004,1.00,8/13/23,2,Monarda,fistulosa,Parasite Analyses,,
ESI,2023-234A,Apidae,Bombus,impatiens,6/13/24,0,0,0,1,0,0,0,1,1km-004,1.00,8/13/23,2,Monarda,fistulosa,Parasite Analyses,,lots of membrane
ESI,2023-078,Apidae,Bombus,impatiens,7/2/24,0,0,1,0,0,0,0,1,1km-004,1.00,7/23/23,1,Veronicastrum,virginicum,Parasite Analyses,,
ESI,2023-079,Apidae,Bombus,impatiens,7/2/24,0,0,1,0,0,0,0,1,1km-004,1.00,7/23/23,1,Veronicastrum,virginicum,Parasite Analyses,,
ESI,2023-232,Apidae,Bombus,impatiens,6/13/24,0,0,1,0,0,0,0,1,1km-004,1.00,8/13/23,2,Monarda,fistulosa,Parasite Analyses,,dark organs
ESI,2023-233,Apidae,Bombus,impatiens,6/13/24,0,0,1,0,0,0,0,1,1km-004,1.00,8/13/23,2,Monarda,fistulosa,Parasite Analyses,,
ESI,2023-092,Apidae,Bombus,impatiens,7/1/24,0,0,0,1,0,0,0,1,2km-001,2.00,7/24/23,1,Monarda,fistulosa,Parasite Analyses,,
ESI,2023-245,Apidae,Bombus,impatiens,6/25/24,0,0,0,1,0,0,0,1,2km-001,2.00,8/12/23,2,Silphium,integrifolium,Parasite Analyses,,
ESI,2023-246,Apidae,Bombus,impatiens,6/25/24,0,0,0,1,0,0,0,1,2km-001,2.00,8/12/23,2,Silphium,integrifolium,Parasite Analyses,,"very small, reduced organs"
ESI,2023-091,Apidae,Bombus,impatiens,7/2/24,0,0,1,0,0,0,0,1,2km-001,2.00,7/24/23,1,Monarda,fistulosa,Parasite Analyses,,
ESI,2023-091A,Apidae,Bombus,impatiens,7/2/24,0,0,1,0,0,0,0,1,2km-001,2.00,7/24/23,1,Monarda,fistulosa,Parasite Analyses,,
ESI,2023-244,Apidae,Bombus,impatiens,6/25/24,0,0,1,0,0,0,0,1,2km-001,2.00,8/12/23,2,Silphium,integrifolium,Parasite Analyses,,
ESI,2023-259,Apidae,Bombus,impatiens,6/26/24,0,0,0,1,0,0,0,1,2km-002,2.00,8/13/23,2,Silphium,integrifolium,Parasite Analyses,,
ESI,2023-260,Apidae,Bombus,impatiens,6/26/24,0,0,0,1,0,0,0,1,2km-002,2.00,8/13/23,2,Silphium,integrifolium,Parasite Analyses,,
ESI,2023-256,Apidae,Bombus,impatiens,6/26/24,0,0,1,0,0,0,0,1,2km-002,2.00,8/13/23,2,Silphium,integrifolium,Parasite Analyses,,
ESI,2023-270,Apidae,Bombus,impatiens,6/25/24,0,0,0,1,0,0,0,1,2km-003,2.00,8/12/23,2,Agastache,foeniculum,Parasite Analyses,,
ESI,2023-103,Apidae,Bombus,impatiens,7/2/24,0,0,1,0,0,0,0,1,2km-003,2.00,7/24/23,1,Monarda,fistulosa,Parasite Analyses,,
ESI,2023-105,Apidae,Bombus,impatiens,7/2/24,0,0,1,0,0,0,0,1,2km-003,2.00,7/24/23,1,Monarda,fistulosa,Parasite Analyses,,
ESI,2023-267,Apidae,Bombus,impatiens,6/25/24,0,0,1,0,0,0,0,1,2km-003,2.00,8/12/23,2,Agastache,foeniculum,Parasite Analyses,,
ESI,2023-268,Apidae,Bombus,impatiens,6/26/24,0,0,1,0,0,0,0,1,2km-003,2.00,8/12/23,2,Agastache,foeniculum,Parasite Analyses,,
ESI,2023-269,Apidae,Bombus,impatiens,6/26/24,0,0,1,0,0,0,0,1,2km-003,2.00,8/12/23,2,Agastache,foeniculum,Parasite Analyses,,
ESI,2023-114,Apidae,Bombus,impatiens,7/2/24,0,0,1,0,0,0,0,1,2km-004,2.00,7/25/23,1,Monarda,fistulosa,Parasite Analyses,,
ESI,2023-115,Apidae,Bombus,impatiens,7/2/24,0,0,1,0,0,0,0,1,2km-004,2.00,7/25/23,1,Monarda,fistulosa,Parasite Analyses,,
ESI,2023-116,Apidae,Bombus,impatiens,7/2/24,0,0,1,0,0,0,0,1,2km-004,2.00,7/25/23,1,Monarda,fistulosa,Parasite Analyses,,
ESI,2023-283,Apidae,Bombus,impatiens,6/26/24,0,0,1,0,0,0,0,1,2km-004,2.00,8/13/23,2,Monarda,fistulosa,Parasite Analyses,,
ESI,2023-196,Apidae,Bombus,pensylvanicus,6/11/24,0,0,1,0,0,0,0,1,1km-001,1.00,8/13/23,2,Monarda,fistulosa,Parasite Analyses,,
ESI,2023-208,Apidae,Bombus,pensylvanicus,6/24/24,0,0,1,0,0,0,0,1,1km-002,1.00,8/12/23,2,Silphium,perfoliatum,Parasite Analyses,,
ESI,2023-012,Apidae,Bombus,rufocinctus,6/27/24,0,0,0,1,0,0,0,1,0.5km-001,0.50,7/24/23,1,Dalea,purpurea,Parasite Analyses,,"sticky, hard, brown guts"
ESI,2023-128,Apidae,Bombus,rufocinctus,6/6/24,0,0,0,1,0,0,0,1,0.5km-001,0.50,8/12/23,2,Pycnanthemum,tenuifolium,Parasite Analyses,,
ESI,2023-129,Apidae,Bombus,rufocinctus,6/6/24,0,0,0,1,0,0,0,1,0.5km-001,0.50,8/12/23,2,Pycnanthemum,tenuifolium,Parasite Analyses,,
ESI,2023-130,Apidae,Bombus,rufocinctus,6/6/24,0,0,0,1,0,0,0,1,0.5km-001,0.50,8/12/23,2,Pycnanthemum,tenuifolium,Parasite Analyses,,
ESI,2023-131,Apidae,Bombus,rufocinctus,6/6/24,0,0,0,1,0,0,0,1,0.5km-001,0.50,8/12/23,2,Pycnanthemum,tenuifolium,Parasite Analyses,,
ESI,2023-013,Apidae,Bombus,rufocinctus,7/1/24,0,0,0,1,0,0,0,1,0.5km-001,0.50,7/24/23,1,Dalea,purpurea,Parasite Analyses,,
ESI,2023-008,Apidae,Bombus,rufocinctus,6/27/24,0,0,1,0,0,0,0,1,0.5km-001,0.50,7/24/23,1,Dalea,purpurea,Parasite Analyses,,
ESI,2023-009,Apidae,Bombus,rufocinctus,6/27/24,0,0,1,0,0,0,0,1,0.5km-001,0.50,7/24/23,1,Dalea,purpurea,Parasite Analyses,,
ESI,2023-010,Apidae,Bombus,rufocinctus,7/1/24,0,0,1,0,0,0,0,1,0.5km-001,0.50,7/24/23,1,Dalea,purpurea,Parasite Analyses,,
ESI,2023-011,Apidae,Bombus,rufocinctus,7/1/24,0,0,1,0,0,0,0,1,0.5km-001,0.50,7/24/23,1,Dalea,purpurea,Parasite Analyses,,"gray, gross guts, bee a little smelly and falling apart"
ESI,2023-022,Apidae,Bombus,rufocinctus,6/27/24,0,0,0,1,0,0,0,1,0.5km-002,0.50,7/23/23,1,Veronicastrum,virginicum,Parasite Analyses,,
ESI,2023-149,Apidae,Bombus,rufocinctus,6/10/24,0,0,0,1,0,0,0,1,0.5km-002,0.50,8/12/23,2,Silphium,integrifolium,Parasite Analyses,,
ESI,2023-163,Apidae,Bombus,rufocinctus,6/3/24,0,0,0,1,0,0,0,1,0.5km-003,0.50,8/13/23,2,Silphium,integrifolium,Parasite Analyses,,
ESI,2023-162,Apidae,Bombus,rufocinctus,6/3/24,0,0,1,0,0,0,0,1,0.5km-003,0.50,8/13/23,2,Silphium,integrifolium,Parasite Analyses,,
ESI,2023-181,Apidae,Bombus,rufocinctus,6/5/24,0,0,0,1,0,0,0,1,0.5km-004,0.50,8/13/23,2,Monarda,fistulosa,Parasite Analyses,,
ESI,2023-056,Apidae,Bombus,rufocinctus,7/3/24,0,0,0,1,0,0,0,1,1km-001,1.00,7/25/23,1,Ratibida,pinnata,Parasite Analyses,,
ESI,2023-057,Apidae,Bombus,rufocinctus,7/3/24,0,0,0,1,0,0,0,1,1km-001,1.00,7/25/23,1,Ratibida,pinnata,Parasite Analyses,,
ESI,2023-209,Apidae,Bombus,rufocinctus,6/24/24,0,0,0,1,0,0,0,1,1km-002,1.00,8/12/23,2,Eutrochium,maculatum,Parasite Analyses,,
ESI,2023-223,Apidae,Bombus,rufocinctus,6/25/24,0,0,0,1,0,0,0,1,1km-003,1.00,8/12/23,2,Ratibida,pinnata,Parasite Analyses,,
ESI,2023-082,Apidae,Bombus,rufocinctus,7/2/24,0,0,0,1,0,0,0,1,1km-004,1.00,7/23/23,1,Veronicastrum,virginicum,Parasite Analyses,,
ESI,2023-083,Apidae,Bombus,rufocinctus,7/2/24,0,0,0,1,0,0,0,1,1km-004,1.00,7/23/23,1,Veronicastrum,virginicum,Parasite Analyses,,
ESI,2023-236,Apidae,Bombus,rufocinctus,6/13/24,0,0,0,1,0,0,0,1,1km-004,1.00,8/13/23,2,Gentiana,alba,Parasite Analyses,,
ESI,2023-237,Apidae,Bombus,rufocinctus,6/13/24,0,0,0,1,0,0,0,1,1km-004,1.00,8/13/23,2,Gentiana,alba,Parasite Analyses,,
ESI,2023-080,Apidae,Bombus,rufocinctus,7/2/24,0,0,1,0,0,0,0,1,1km-004,1.00,7/23/23,1,Veronicastrum,virginicum,Parasite Analyses,,
ESI,2023-081,Apidae,Bombus,rufocinctus,7/2/24,0,0,1,0,0,0,0,1,1km-004,1.00,7/23/23,1,Veronicastrum,virginicum,Parasite Analyses,,
ESI,2023-235,Apidae,Bombus,rufocinctus,6/13/24,0,0,1,0,0,0,0,1,1km-004,1.00,8/13/23,2,Gentiana,alba,Parasite Analyses,,excessive fat reserves
ESI,2023-100,Apidae,Bombus,rufocinctus,7/2/24,0,0,0,1,0,0,0,1,2km-002,2.00,7/23/23,1,Pycnanthemum,tenuifolium,Parasite Analyses,,
ESI,2023-262,Apidae,Bombus,rufocinctus,6/26/24,0,0,0,1,0,0,0,1,2km-002,2.00,8/13/23,2,Eutrochium,maculatum,Parasite Analyses,,
ESI,2023-117,Apidae,Bombus,rufocinctus,7/2/24,0,0,0,1,0,0,0,1,2km-004,2.00,7/25/23,1,Silphium,laciniatum,Parasite Analyses,,
ESI,2023-046,Apidae,Bombus,vagans,6/27/24,0,0,1,0,0,0,0,1,0.5km-004,0.50,7/23/23,1,Monarda,fistulosa,Parasite Analyses,,
ESI,2023-047,Apidae,Bombus,vagans,6/27/24,0,0,1,0,0,0,0,1,0.5km-004,0.50,7/23/23,1,Monarda,fistulosa,Parasite Analyses,,
ESI,2023-182,Apidae,Bombus,vagans,6/5/24,0,0,1,0,0,0,0,1,0.5km-004,0.50,8/13/23,2,Monarda,fistulosa,Parasite Analyses,,
ESI,2023-273,Apidae,Bombus,vagans,6/25/24,0,0,0,1,0,0,0,1,2km-003,2.00,8/12/23,2,Agastache,foeniculum,Parasite Analyses,,
ESI,2023-107,Apidae,Bombus,vagans,7/2/24,0,0,1,0,0,0,0,1,2km-003,2.00,7/24/23,1,Monarda,fistulosa,Parasite Analyses,,
ESI,2023-271,Apidae,Bombus,vagans,6/26/24,0,0,1,0,0,0,0,1,2km-003,2.00,8/12/23,2,Agastache,foeniculum,Parasite Analyses,,
ESI,2023-272,Apidae,Bombus,vagans,6/25/24,0,0,1,0,0,0,0,1,2km-003,2.00,8/12/23,2,Agastache,foeniculum,Parasite Analyses,,